{
  "type": "minecraft:cache_once",
  "argument": {
    "type": "minecraft:spline",
    "spline": {
      "coordinate": {
        "type": "minecraft:noise",
        "noise": "minecraft:gravel",
        "xz_scale": 1,
        "y_scale": 1
      },
      "points": [
        {
          "location": -0.05,
          "derivative": 0,
          "value": 0
        },
        {
          "location": 0,
          "derivative": 0,
          "value": -1
        },
        {
          "location": 0.05,
          "derivative": 0,
          "value": 0
        }
      ]
    }
  }
}