{
  "type": "minecraft:add",
  "argument1": {
    "type": "minecraft:clamp",
    "input": {
      "type": "minecraft:range_choice",
      "input": {
        "type": "minecraft:interpolated",
        "argument": "skylands:ridges/final"
      },
      "min_inclusive": -0.15,
      "max_exclusive": 0.15,
      "when_in_range": "skylands:terrain/no_caves",
      "when_out_of_range": "skylands:terrain/with_caves"
    },
    "min": 0,
    "max": 10
  },
  "argument2": "skylands:aqua/islands"
}