{
  "type": "minecraft:cache_once",
  "argument": {
    "type": "minecraft:range_choice",
    "input": "skylands:y",
    "min_inclusive": -64,
    "max_exclusive": 0,
    "when_in_range": "skylands:layer1/depth_bottom",
    "when_out_of_range": {
      "type": "minecraft:range_choice",
      "input": "skylands:y",
      "min_inclusive": 0,
      "max_exclusive": 64,
      "when_in_range": {
        "type": "minecraft:max",
        "argument1": "skylands:layer1/depth_top",
        "argument2": "skylands:layer2/depth_bottom"
      },
      "when_out_of_range": {
        "type": "minecraft:range_choice",
        "input": "skylands:y",
        "min_inclusive": 64,
        "max_exclusive": 128,
        "when_in_range": {
          "type": "minecraft:max",
          "argument1": "skylands:layer2/depth_top",
          "argument2": "skylands:layer3/depth_bottom"
        },
        "when_out_of_range": {
          "type": "minecraft:range_choice",
          "input": "skylands:y",
          "min_inclusive": 128,
          "max_exclusive": 192,
          "when_in_range": {
            "type": "minecraft:max",
            "argument1": "skylands:layer3/depth_top",
            "argument2": "skylands:layer4/depth_bottom"
          },
          "when_out_of_range": {
            "type": "minecraft:range_choice",
            "input": "skylands:y",
            "min_inclusive": 192,
            "max_exclusive": 256,
            "when_in_range": {
              "type": "minecraft:max",
              "argument1": "skylands:layer4/depth_top",
              "argument2": "skylands:layer5/depth_bottom"
            },
            "when_out_of_range": {
              "type": "minecraft:range_choice",
              "input": "skylands:y",
              "min_inclusive": 256,
              "max_exclusive": 304,
              "when_in_range": "skylands:layer5/depth_top",
              "when_out_of_range": -0.1
            }
          }
        }
      }
    }
  }
}