{
  "type": "minecraft:squeeze",
  "argument": {
    "type": "minecraft:mul",
    "argument1": 0.64,
    "argument2": {
      "type": "minecraft:interpolated",
      "argument": {
        "type": "minecraft:add",
        "argument1": {
          "type": "minecraft:y_clamped_gradient",
          "from_y": -64,
          "to_y": -48,
          "from_value": -0.5,
          "to_value": 0
        },
        "argument2": {
          "type": "minecraft:add",
          "argument1": {
            "type": "minecraft:y_clamped_gradient",
            "from_y": 272,
            "to_y": 320,
            "from_value": 0,
            "to_value": -0.5
          },
          "argument2": "skylands:terrain/pre"
        }
      }
    }
  }
}