{
  "type": "minecraft:cache_once",
  "argument": {
    "type": "minecraft:range_choice",
    "input": "skylands:ocean/hole_randomizer",
    "min_inclusive": -0.25,
    "max_exclusive": 0.25,
    "when_in_range": {
      "type": "minecraft:range_choice",
      "input": "skylands:ocean/aquifer_randomizer",
      "min_inclusive": -2,
      "max_exclusive": 0,
      "when_in_range": {
        "type": "minecraft:range_choice",
        "input": "skylands:ocean/aquifer_randomizer",
        "min_inclusive": -0.25,
        "max_exclusive": 0,
        "when_in_range": "skylands:ocean/layer1",
        "when_out_of_range": "skylands:ocean/layer2"
      },
      "when_out_of_range": {
        "type": "minecraft:range_choice",
        "input": "skylands:ocean/aquifer_randomizer",
        "min_inclusive": 0,
        "max_exclusive": 0.25,
        "when_in_range": "skylands:ocean/layer3",
        "when_out_of_range": "skylands:ocean/layer4"
      }
    },
    "when_out_of_range": -1
  }
}