{
  "type": "minecraft:ocean_monument",
  "biomes": "#minecraft:has_structure/ocean_monument",
  "step": "surface_structures",
  "terrain_adaptation": "beard_box",
  "spawn_overrides": {
    "axolotls": {
      "bounding_box": "full",
      "spawns": []
    },
    "monster": {
      "bounding_box": "full",
      "spawns": [
        {
          "type": "minecraft:guardian",
          "weight": 1,
          "minCount": 2,
          "maxCount": 4
        }
      ]
    },
    "underground_water_creature": {
      "bounding_box": "full",
      "spawns": []
    }
  }
}