{
  "type": "minecraft:cache_once",
  "argument": {
    "type": "minecraft:flat_cache",
    "argument": {
      "type": "minecraft:cache_2d",
      "argument": {
        "type": "minecraft:spline",
        "spline": {
          "coordinate": {
            "type": "minecraft:interpolated",
            "argument": "skylands:ridges/noise"
          },
          "points": [
            {
              "location": -0.35,
              "derivative": 0,
              "value": {
                "coordinate": "skylands:layer5/base_noise",
                "points": [
                  {
                    "location": 0,
                    "derivative": 0,
                    "value": 0
                  },
                  {
                    "location": 0.1,
                    "derivative": 0,
                    "value": 0.2
                  },
                  {
                    "location": 0.179,
                    "value": 0.406,
                    "derivative": 4.802
                  },
                  {
                    "location": 0.302,
                    "value": 0.454,
                    "derivative": 3.367
                  },
                  {
                    "location": 0.414,
                    "value": 0.248,
                    "derivative": 0
                  },
                  {
                    "location": 0.495,
                    "value": 0.317,
                    "derivative": 0
                  }
                ]
              }
            },
            {
              "location": -0.25,
              "derivative": 0,
              "value": {
                "coordinate": "skylands:layer5/base_noise",
                "points": [
                  {
                    "location": 0,
                    "derivative": 0,
                    "value": 0
                  },
                  {
                    "location": 0.1,
                    "derivative": 0,
                    "value": 0.08
                  },
                  {
                    "location": 0.179,
                    "value": 0.24,
                    "derivative": 7.802
                  },
                  {
                    "location": 0.302,
                    "value": 0.19,
                    "derivative": 3.367
                  },
                  {
                    "location": 0.414,
                    "value": 0.06,
                    "derivative": 0
                  },
                  {
                    "location": 0.495,
                    "value": 0.123,
                    "derivative": 0
                  }
                ]
              }
            },
            {
              "location": -0.15,
              "derivative": 0,
              "value": 0
            },
            {
              "location": 0,
              "derivative": 0,
              "value": 0
            },
            {
              "location": 0.15,
              "derivative": 0,
              "value": 0
            },
            {
              "location": 0.25,
              "derivative": 0,
              "value": {
                "coordinate": "skylands:layer5/base_noise",
                "points": [
                  {
                    "location": 0,
                    "derivative": 0,
                    "value": 0
                  },
                  {
                    "location": 0.1,
                    "derivative": 0,
                    "value": 0.12
                  },
                  {
                    "location": 0.2,
                    "derivative": 0,
                    "value": 0.13
                  },
                  {
                    "location": 0.3,
                    "derivative": 0,
                    "value": 0.21
                  },
                  {
                    "location": 0.5,
                    "derivative": 0,
                    "value": 0.13
                  },
                  {
                    "location": 0.65,
                    "derivative": 0,
                    "value": 0.21
                  },
                  {
                    "location": 0.7,
                    "derivative": 0,
                    "value": 0.12
                  }
                ]
              }
            },
            {
              "location": 0.35,
              "derivative": 0,
              "value": {
                "coordinate": "skylands:layer5/base_noise",
                "points": [
                  {
                    "location": 0,
                    "derivative": 0,
                    "value": 0
                  },
                  {
                    "location": 0.1,
                    "derivative": 0,
                    "value": 0.3
                  },
                  {
                    "location": 0.2,
                    "derivative": 0,
                    "value": 0.35
                  },
                  {
                    "location": 0.3,
                    "derivative": 0,
                    "value": 0.425
                  },
                  {
                    "location": 0.5,
                    "derivative": 0,
                    "value": 0.35
                  },
                  {
                    "location": 0.65,
                    "derivative": 0,
                    "value": 0.425
                  },
                  {
                    "location": 0.7,
                    "derivative": 0,
                    "value": 0.325
                  }
                ]
              }
            }
          ]
        }
      }
    }
  }
}