{
  "type": "minecraft:cache_once",
  "argument": {
    "type": "minecraft:flat_cache",
    "argument": {
      "type": "minecraft:cache_2d",
      "argument": {
        "type": "minecraft:spline",
        "spline": {
          "coordinate": {
            "type": "minecraft:interpolated",
            "argument": "skylands:ridges/noise"
          },
          "points": [
            {
              "location": -0.35,
              "derivative": 0,
              "value": {
                "coordinate": "skylands:layer4/base_noise",
                "points": [
                  {
                    "location": 0,
                    "derivative": 0,
                    "value": 0
                  },
                  {
                    "location": 0.1,
                    "derivative": 0,
                    "value": 0.2
                  },
                  {
                    "location": 0.179,
                    "value": 0.506,
                    "derivative": 5.802
                  },
                  {
                    "location": 0.302,
                    "value": 0.414,
                    "derivative": 3.367
                  },
                  {
                    "location": 0.414,
                    "value": 0.148,
                    "derivative": 0
                  },
                  {
                    "location": 0.495,
                    "value": 0.317,
                    "derivative": 0
                  }
                ]
              }
            },
            {
              "location": -0.25,
              "derivative": 0,
              "value": {
                "coordinate": "skylands:layer4/base_noise",
                "points": [
                  {
                    "location": 0,
                    "derivative": 0,
                    "value": 0
                  },
                  {
                    "location": 0.1,
                    "derivative": 0,
                    "value": 0.08
                  },
                  {
                    "location": 0.179,
                    "value": 0.24,
                    "derivative": 7.802
                  },
                  {
                    "location": 0.302,
                    "value": 0.21,
                    "derivative": 3.367
                  },
                  {
                    "location": 0.414,
                    "value": 0.05,
                    "derivative": 0
                  },
                  {
                    "location": 0.495,
                    "value": 0.12,
                    "derivative": 0
                  }
                ]
              }
            },
            {
              "location": -0.15,
              "derivative": 0,
              "value": 0
            },
            {
              "location": 0,
              "derivative": 0,
              "value": 0
            },
            {
              "location": 0.15,
              "derivative": 0,
              "value": 0
            },
            {
              "location": 0.25,
              "derivative": 0,
              "value": {
                "coordinate": "skylands:layer4/base_noise",
                "points": [
                  {
                    "location": 0,
                    "derivative": 0,
                    "value": 0
                  },
                  {
                    "location": 0.145,
                    "value": 0.38,
                    "derivative": 0.191
                  },
                  {
                    "location": 0.316,
                    "value": 0.34,
                    "derivative": -0.627
                  },
                  {
                    "location": 0.418,
                    "value": 0.42,
                    "derivative": 0
                  }
                ]
              }
            },
            {
              "location": 0.35,
              "derivative": 0,
              "value": {
                "coordinate": "skylands:layer4/base_noise",
                "points": [
                  {
                    "location": 0,
                    "derivative": 0,
                    "value": 0
                  },
                  {
                    "location": 0.145,
                    "value": 0.633,
                    "derivative": 0.191
                  },
                  {
                    "location": 0.316,
                    "value": 0.77,
                    "derivative": -0.627
                  },
                  {
                    "location": 0.418,
                    "value": 0.9,
                    "derivative": 0
                  }
                ]
              }
            }
          ]
        }
      }
    }
  }
}