{
  "type": "minecraft:cache_once",
  "argument": {
    "type": "minecraft:spline",
    "spline": {
      "coordinate": "minecraft:overworld/depth",
      "points": [
        {
          "location": -1,
          "derivative": 0,
          "value": -1
        },
        {
          "location": 0,
          "derivative": 0,
          "value": -0.5
        },
        {
          "location": 0.4,
          "derivative": 0,
          "value": 0.2
        },
        {
          "location": 1.6,
          "derivative": 0,
          "value": 1.6
        }
      ]
    }
  }
}